{
  "properties": {
    "connectionReferences": {
      "shared_sharepointonline": {
        "runtimeSource": "embedded",
        "connection": {
          "connectionReferenceLogicalName": "ssc_sharedsharepointonline_c74ca"
        },
        "api": {
          "name": "shared_sharepointonline"
        }
      },
      "shared_commondataserviceforapps": {
        "runtimeSource": "embedded",
        "connection": {
          "connectionReferenceLogicalName": "ssc_sharedcommondataserviceforapps_b489d"
        },
        "api": {
          "name": "shared_commondataserviceforapps"
        }
      }
    },
    "definition": {
      "$schema": "https://schema.management.azure.com/providers/Microsoft.Logic/schemas/2016-06-01/workflowdefinition.json#",
      "contentVersion": "1.0.0.0",
      "parameters": {
        "$connections": {
          "defaultValue": {},
          "type": "Object"
        },
        "$authentication": {
          "defaultValue": {},
          "type": "SecureObject"
        }
      },
      "triggers": {
        "manual": {
          "metadata": {
            "operationMetadataId": "493516b3-0eb0-476a-9c58-882ba04ba2a0"
          },
          "type": "Request",
          "kind": "Http",
          "inputs": {
            "schema": {
              "type": "object",
              "properties": {
                "regardingId": {
                  "type": "string"
                },
                "fileUrl": {
                  "type": "string"
                },
                "regardingEntityName": {
                  "type": "string"
                }
              }
            },
            "triggerAuthenticationType": "All"
          }
        }
      },
      "actions": {
        "Compose_regarding_id": {
          "runAfter": {
            "Compose_file_URL": [
              "Succeeded"
            ]
          },
          "metadata": {
            "operationMetadataId": "627a91d1-dce3-453c-a717-e61970e272aa"
          },
          "type": "Compose",
          "inputs": "@triggerBody()?['regardingId']"
        },
        "Compose_Request_body": {
          "runAfter": {},
          "metadata": {
            "operationMetadataId": "8552edbb-eb45-4610-84d8-d5a402ec997a"
          },
          "type": "Compose",
          "inputs": "@triggerBody()"
        },
        "Compose_file_URL": {
          "runAfter": {
            "Compose_Request_body": [
              "Succeeded"
            ]
          },
          "metadata": {
            "operationMetadataId": "fff242a4-e6b2-4dc8-a52e-f34479ea015a"
          },
          "type": "Compose",
          "inputs": "@triggerBody()?['fileUrl']"
        },
        "Condition_check_file_url": {
          "actions": {
            "Get_files_(properties_only)": {
              "runAfter": {
                "Check_contact": [
                  "Succeeded"
                ]
              },
              "metadata": {
                "operationMetadataId": "1ffa7d66-a378-4882-bfb9-0206b44181a3"
              },
              "type": "OpenApiConnection",
              "inputs": {
                "host": {
                  "connectionName": "shared_sharepointonline",
                  "operationId": "GetFileItems",
                  "apiId": "/providers/Microsoft.PowerApps/apis/shared_sharepointonline"
                },
                "parameters": {
                  "dataset": "https://0rdv8.sharepoint.com/sites/PCFDocuments",
                  "table": "@variables('regardingEntityName')",
                  "folderPath": "@{variables('sharepointURL')}@{variables('relativeURL')}"
                },
                "authentication": "@parameters('$authentication')"
              }
            },
            "Condition_check_Get_files_Length": {
              "actions": {
                "Apply_to_each": {
                  "foreach": "@outputs('Get_files_(properties_only)')?['body/value']",
                  "actions": {
                    "Get_file_metadata": {
                      "runAfter": {},
                      "metadata": {
                        "operationMetadataId": "34d26f71-03cb-4813-a913-e04bc543b94e"
                      },
                      "type": "OpenApiConnection",
                      "inputs": {
                        "host": {
                          "connectionName": "shared_sharepointonline",
                          "operationId": "GetFileMetadata",
                          "apiId": "/providers/Microsoft.PowerApps/apis/shared_sharepointonline"
                        },
                        "parameters": {
                          "dataset": "https://0rdv8.sharepoint.com/sites/PCFDocuments",
                          "id": "@items('Apply_to_each')?['{Identifier}']"
                        },
                        "authentication": "@parameters('$authentication')"
                      }
                    },
                    "Compose_Response": {
                      "runAfter": {
                        "Get_file_metadata": [
                          "Succeeded",
                          "Failed"
                        ]
                      },
                      "metadata": {
                        "operationMetadataId": "1beb7c8e-313e-489c-b88a-ba90ab23eca0"
                      },
                      "type": "Compose",
                      "inputs": {
                        "Name": "@items('Apply_to_each')?['{FilenameWithExtension}']",
                        "File URL": "@items('Apply_to_each')?['{FullPath}']",
                        "File Size": "@concat(outputs('Get_file_metadata')?['body/Size'], ' bytes')",
                        "ThumbnailUrl": "@items('Apply_to_each')?['{Thumbnail}/Medium']"
                      }
                    },
                    "Append_to_array_variable": {
                      "runAfter": {
                        "Compose_Response": [
                          "Succeeded"
                        ]
                      },
                      "metadata": {
                        "operationMetadataId": "3b2ebdd6-5dd3-4969-a27d-f48967f2b790"
                      },
                      "type": "AppendToArrayVariable",
                      "inputs": {
                        "name": "Response",
                        "value": "@outputs('Compose_Response')"
                      }
                    }
                  },
                  "runAfter": {},
                  "metadata": {
                    "operationMetadataId": "569e0246-1586-4493-9f7b-866d639d5866"
                  },
                  "type": "Foreach"
                },
                "Response": {
                  "runAfter": {
                    "Result_Response": [
                      "Succeeded"
                    ]
                  },
                  "metadata": {
                    "operationMetadataId": "f4e6f6b1-019a-41ad-ba6d-2481aa9754c1"
                  },
                  "type": "Response",
                  "kind": "Http",
                  "inputs": {
                    "statusCode": 200,
                    "body": "@variables('Response')"
                  }
                },
                "Result_Response": {
                  "runAfter": {
                    "Apply_to_each": [
                      "Succeeded"
                    ]
                  },
                  "metadata": {
                    "operationMetadataId": "d09d1c3b-b681-44a9-921e-8db8caa38617"
                  },
                  "type": "Compose",
                  "inputs": "@variables('Response')"
                }
              },
              "runAfter": {
                "Get_files_(properties_only)": [
                  "Succeeded"
                ]
              },
              "expression": {
                "greater": [
                  "@length(outputs('Get_files_(properties_only)')?['body/value'])",
                  0
                ]
              },
              "metadata": {
                "operationMetadataId": "26b8c9b8-8479-4b3a-96f5-098bde585eb4"
              },
              "type": "If"
            },
            "Check_contact": {
              "actions": {
                "Get_Contact": {
                  "runAfter": {},
                  "metadata": {
                    "operationMetadataId": "a8c01e80-93e5-4366-9ba0-3f1a3f98678c"
                  },
                  "type": "OpenApiConnection",
                  "inputs": {
                    "host": {
                      "connectionName": "shared_commondataserviceforapps",
                      "operationId": "ListRecords",
                      "apiId": "/providers/Microsoft.PowerApps/apis/shared_commondataserviceforapps"
                    },
                    "parameters": {
                      "entityName": "contacts",
                      "fetchXml": "<fetch>\n  <entity name=\"contact\">\n    <attribute name=\"contactid\" />\n    <attribute name=\"parentcustomerid\" />\n    <filter>\n      <condition attribute=\"contactid\" operator=\"eq\" value=\"@{triggerBody()?['regardingId']}\" />\n      <condition attribute=\"parentcustomerid\" operator=\"not-null\" value=\"\" />\n    </filter>\n  </entity>\n</fetch>"
                    },
                    "authentication": "@parameters('$authentication')"
                  }
                },
                "Check_Contact_Account": {
                  "actions": {
                    "Get_file_relativeUrl_for_Account": {
                      "runAfter": {
                        "AccountId": [
                          "Succeeded"
                        ]
                      },
                      "metadata": {
                        "operationMetadataId": "cd05a44c-f8ca-46d1-bf1f-483fda339bcc"
                      },
                      "type": "OpenApiConnection",
                      "inputs": {
                        "host": {
                          "connectionName": "shared_commondataserviceforapps",
                          "operationId": "ListRecords",
                          "apiId": "/providers/Microsoft.PowerApps/apis/shared_commondataserviceforapps"
                        },
                        "parameters": {
                          "entityName": "sharepointdocumentlocations",
                          "fetchXml": "<fetch version=\"1.0\" output-format=\"xml-platform\" mapping=\"logical\" distinct=\"false\">\n  <entity name=\"sharepointdocumentlocation\">\n    <attribute name=\"name\" />\n    <attribute name=\"regardingobjectid\" />\n    <attribute name=\"parentsiteorlocation\" />\n    <attribute name=\"relativeurl\" />\n    <attribute name=\"absoluteurl\" />\n    <order attribute=\"name\" descending=\"false\" />\n    <filter type=\"and\">\n      <condition attribute=\"locationtype\" operator=\"eq\" value=\"0\" />\n      <condition attribute=\"servicetype\" operator=\"eq\" value=\"0\" />\n      <condition attribute=\"regardingobjectid\" operator=\"eq\"  value=\"@{outputs('AccountId')}\" />\n    </filter>\n  </entity>\n</fetch>"
                        },
                        "authentication": "@parameters('$authentication')"
                      }
                    },
                    "Get_file_relativeUrl_for_Contact": {
                      "runAfter": {
                        "Get_file_relativeUrl_for_Account": [
                          "Succeeded"
                        ]
                      },
                      "metadata": {
                        "operationMetadataId": "cd05a44c-f8ca-46d1-bf1f-483fda339bcc"
                      },
                      "type": "OpenApiConnection",
                      "inputs": {
                        "host": {
                          "connectionName": "shared_commondataserviceforapps",
                          "operationId": "ListRecords",
                          "apiId": "/providers/Microsoft.PowerApps/apis/shared_commondataserviceforapps"
                        },
                        "parameters": {
                          "entityName": "sharepointdocumentlocations",
                          "fetchXml": "<fetch version=\"1.0\" output-format=\"xml-platform\" mapping=\"logical\" distinct=\"false\">\n  <entity name=\"sharepointdocumentlocation\">\n    <attribute name=\"name\" />\n    <attribute name=\"regardingobjectid\" />\n    <attribute name=\"parentsiteorlocation\" />\n    <attribute name=\"relativeurl\" />\n    <attribute name=\"absoluteurl\" />\n    <order attribute=\"name\" descending=\"false\" />\n    <filter type=\"and\">\n      <condition attribute=\"locationtype\" operator=\"eq\" value=\"0\" />\n      <condition attribute=\"servicetype\" operator=\"eq\" value=\"0\" />\n      <condition attribute=\"regardingobjectid\" operator=\"eq\"  value=\"@{triggerBody()?['regardingId']}\" />\n    </filter>\n  </entity>\n</fetch>"
                        },
                        "authentication": "@parameters('$authentication')"
                      }
                    },
                    "Set_regarding_entity_name_Account": {
                      "runAfter": {
                        "Get_file_relativeUrl_for_Contact": [
                          "Succeeded"
                        ]
                      },
                      "metadata": {
                        "operationMetadataId": "93ca2c3c-833a-45ca-8e59-b8688b3b5d99"
                      },
                      "type": "SetVariable",
                      "inputs": {
                        "name": "regardingEntityName",
                        "value": "Account"
                      }
                    },
                    "Set_relative_ULR_for_contact": {
                      "runAfter": {
                        "Set_regarding_entity_name_Account": [
                          "Succeeded"
                        ]
                      },
                      "metadata": {
                        "operationMetadataId": "c6a01156-1627-4d1c-9e32-ec902c2a9ef1"
                      },
                      "type": "SetVariable",
                      "inputs": {
                        "name": "relativeURL",
                        "value": "@{first(outputs('Get_file_relativeUrl_for_Account')?['body/value'])?['relativeurl']}/contact/@{first(outputs('Get_file_relativeUrl_for_Contact')?['body/value'])?['relativeurl']}"
                      }
                    },
                    "AccountId": {
                      "runAfter": {},
                      "metadata": {
                        "operationMetadataId": "9b5a58ec-d614-4d29-b25a-b247f0a2ad2c"
                      },
                      "type": "Compose",
                      "inputs": "@first(outputs('Get_Contact')?['body/value'])?['_parentcustomerid_value']"
                    },
                    "Set_variable_2": {
                      "runAfter": {
                        "Set_relative_ULR_for_contact": [
                          "Succeeded"
                        ]
                      },
                      "metadata": {
                        "operationMetadataId": "b52db4ec-aca6-4dd8-a371-51a37f5f450e"
                      },
                      "type": "SetVariable",
                      "inputs": {
                        "name": "sharepointURL",
                        "value": "https://0rdv8.sharepoint.com/sites/PCFDocuments/account/"
                      }
                    }
                  },
                  "runAfter": {
                    "Get_Contact": [
                      "Succeeded"
                    ]
                  },
                  "else": {
                    "actions": {
                      "Get_file_relativeUrl": {
                        "runAfter": {},
                        "metadata": {
                          "operationMetadataId": "cd05a44c-f8ca-46d1-bf1f-483fda339bcc"
                        },
                        "type": "OpenApiConnection",
                        "inputs": {
                          "host": {
                            "connectionName": "shared_commondataserviceforapps",
                            "operationId": "ListRecords",
                            "apiId": "/providers/Microsoft.PowerApps/apis/shared_commondataserviceforapps"
                          },
                          "parameters": {
                            "entityName": "sharepointdocumentlocations",
                            "fetchXml": "<fetch version=\"1.0\" output-format=\"xml-platform\" mapping=\"logical\" distinct=\"false\">\n  <entity name=\"sharepointdocumentlocation\">\n    <attribute name=\"name\" />\n    <attribute name=\"regardingobjectid\" />\n    <attribute name=\"parentsiteorlocation\" />\n    <attribute name=\"relativeurl\" />\n    <attribute name=\"absoluteurl\" />\n    <order attribute=\"name\" descending=\"false\" />\n    <filter type=\"and\">\n      <condition attribute=\"locationtype\" operator=\"eq\" value=\"0\" />\n      <condition attribute=\"servicetype\" operator=\"eq\" value=\"0\" />\n      <condition attribute=\"regardingobjectid\" operator=\"eq\"  value=\"@{triggerBody()?['regardingId']}\" />\n    </filter>\n  </entity>\n</fetch>"
                          },
                          "authentication": "@parameters('$authentication')"
                        }
                      },
                      "Set_relative_URL": {
                        "runAfter": {
                          "Get_file_relativeUrl": [
                            "Succeeded"
                          ]
                        },
                        "metadata": {
                          "operationMetadataId": "e074b052-84c3-46db-b87a-fcbfce8214a6"
                        },
                        "type": "SetVariable",
                        "inputs": {
                          "name": "relativeURL",
                          "value": "@{first(outputs('Get_file_relativeUrl')?['body/value'])?['relativeurl']}"
                        }
                      }
                    }
                  },
                  "expression": {
                    "greater": [
                      "@length(outputs('Get_Contact')?['body/value'])",
                      0
                    ]
                  },
                  "metadata": {
                    "operationMetadataId": "fc19034c-4f9f-4858-bcb2-433cdf2dda1b"
                  },
                  "type": "If"
                }
              },
              "runAfter": {},
              "expression": {
                "equals": [
                  "@equals(variables('regardingEntityName'), 'Contact')",
                  "@true"
                ]
              },
              "metadata": {
                "operationMetadataId": "2211327c-2068-4dd9-9551-7a3793f096da"
              },
              "type": "If"
            }
          },
          "runAfter": {
            "sharepointURL": [
              "Succeeded"
            ]
          },
          "else": {
            "actions": {
              "Get_file_content_using_path": {
                "runAfter": {},
                "metadata": {
                  "operationMetadataId": "88fa191e-4df0-46cd-95c5-212d2815994c"
                },
                "type": "OpenApiConnection",
                "inputs": {
                  "host": {
                    "connectionName": "shared_sharepointonline",
                    "operationId": "GetFileContentByPath",
                    "apiId": "/providers/Microsoft.PowerApps/apis/shared_sharepointonline"
                  },
                  "parameters": {
                    "dataset": "https://0rdv8.sharepoint.com/sites/PCFDocuments",
                    "path": "@outputs('Compose_file_URL')",
                    "inferContentType": true
                  },
                  "authentication": "@parameters('$authentication')"
                }
              },
              "Compose_File_Content": {
                "runAfter": {
                  "Get_file_content_using_path": [
                    "Succeeded"
                  ]
                },
                "metadata": {
                  "operationMetadataId": "1ebb1850-d48d-4585-99a9-510885ebd649"
                },
                "type": "Compose",
                "inputs": "@base64(outputs('Get_file_content_using_path')?['body'])"
              },
              "Response_2": {
                "runAfter": {
                  "Compose_File_Content": [
                    "Succeeded"
                  ]
                },
                "metadata": {
                  "operationMetadataId": "ab48ffe6-e84a-46fd-a421-df2d5f1738fa"
                },
                "type": "Response",
                "kind": "Http",
                "inputs": {
                  "statusCode": 200,
                  "body": {
                    "content": "@outputs('Compose_File_Content')"
                  }
                }
              }
            }
          },
          "expression": {
            "equals": [
              "@empty(outputs('Compose_file_URL'))",
              "@true"
            ]
          },
          "metadata": {
            "operationMetadataId": "34f4ea06-b22f-4916-b0cb-41aedd6ff526"
          },
          "type": "If"
        },
        "Initialize_variable_Response": {
          "runAfter": {
            "relative_URL": [
              "Succeeded"
            ]
          },
          "metadata": {
            "operationMetadataId": "814c168a-ba9b-4382-a0f3-372805fd2f8e"
          },
          "type": "InitializeVariable",
          "inputs": {
            "variables": [
              {
                "name": "Response",
                "type": "array"
              }
            ]
          }
        },
        "sharepointURL": {
          "runAfter": {
            "Initialize_variable_Response": [
              "Succeeded"
            ]
          },
          "metadata": {
            "operationMetadataId": "1dec79f7-41b0-4c18-ac93-98d131f0cb62"
          },
          "type": "InitializeVariable",
          "inputs": {
            "variables": [
              {
                "name": "sharepointURL",
                "type": "string",
                "value": "https://0rdv8.sharepoint.com/sites/PCFDocuments/@{triggerBody()?['regardingEntityName']}/"
              }
            ]
          }
        },
        "regardingEntityName": {
          "runAfter": {
            "Compose_regarding_id": [
              "Succeeded"
            ]
          },
          "metadata": {
            "operationMetadataId": "d0fcf7bb-eece-47ba-9710-48c3d5cc9f59"
          },
          "type": "InitializeVariable",
          "inputs": {
            "variables": [
              {
                "name": "regardingEntityName",
                "type": "string"
              }
            ]
          }
        },
        "Condition": {
          "actions": {
            "Set_variable_as_Case": {
              "runAfter": {},
              "metadata": {
                "operationMetadataId": "930d5050-d1f8-4da2-926d-583504179015"
              },
              "type": "SetVariable",
              "inputs": {
                "name": "regardingEntityName",
                "value": "Case"
              }
            }
          },
          "runAfter": {
            "regardingEntityName": [
              "Succeeded"
            ]
          },
          "else": {
            "actions": {
              "Condition_2": {
                "actions": {
                  "Set_variable": {
                    "runAfter": {},
                    "metadata": {
                      "operationMetadataId": "741e8999-cb1b-4405-abf3-e500f3e96c64"
                    },
                    "type": "SetVariable",
                    "inputs": {
                      "name": "regardingEntityName",
                      "value": "@{concat(toUpper(substring(triggerBody()?['regardingEntityName'], 0, 1)), substring(triggerBody()?['regardingEntityName'], 1))\r\n}"
                    }
                  }
                },
                "runAfter": {},
                "expression": {
                  "equals": [
                    "@not(empty(triggerBody()?['regardingEntityName']))",
                    "@true"
                  ]
                },
                "metadata": {
                  "operationMetadataId": "fd3c8dee-fb37-47a9-bc28-f4b9ca9b8354"
                },
                "type": "If"
              }
            }
          },
          "expression": {
            "equals": [
              "@and(\r\n  not(empty(triggerBody()?['regardingEntityName'])),\r\n  equals(triggerBody()?['regardingEntityName'], 'incident')\r\n)",
              "@true"
            ]
          },
          "metadata": {
            "operationMetadataId": "d3296ff5-05e7-4acf-b16c-09550381cb68"
          },
          "type": "If"
        },
        "relative_URL": {
          "runAfter": {
            "Condition": [
              "Succeeded"
            ]
          },
          "metadata": {
            "operationMetadataId": "fb10724b-2171-4959-90b0-82f88f09b410"
          },
          "type": "InitializeVariable",
          "inputs": {
            "variables": [
              {
                "name": "relativeURL",
                "type": "string"
              }
            ]
          }
        }
      },
      "outputs": {}
    },
    "templateName": ""
  },
  "schemaVersion": "1.0.0.0"
}