<manifest><control namespace="CustomEmailGrid" constructor="EmailAttachSPControl" version="1.0.0" display-name-key="EmailAttachSPDocControl" description-key="ControlDescription" api-version="1.3.16"><property name="regardingobjectid" display-name-key="RegardingObjectId_DisplayName" description-key="RegardingObjectId_Description" of-type="Lookup.Simple" usage="bound" required="true" /><property name="emailId" display-name-key="Email ID" description-key="The ID of the email record" of-type="SingleLine.Text" usage="bound" required="true" /><property name="httpFlowPostURL" display-name-key="Http flow Post URL" description-key="The Http URL of the Flow" of-type="SingleLine.TextArea" usage="input" required="true" /><property name="sharePointSiteURL" display-name-key="SharePoint Site URL" description-key="The SharePoint Site URL" of-type="SingleLine.TextArea" usage="input" required="true" /><resources><code path="bundle.js" order="1" /><css path="css/EmailAttachSPControl.css" order="2" /></resources><feature-usage><uses-feature name="WebAPI" required="true" /><uses-feature name="Utility" required="true" /><uses-feature name="execution-context" required="true" /></feature-usage><built-by name="pac" version="1.42.1" /></control></manifest>